{
  "version": 1,
  "fitted_at": "2026-06-06",
  "n_train": 141,
  "target": "log(current_price)",
  "lambda": 10,
  "cv_r2": 0.4086,
  "train_r2": 0.6175,
  "log_mean": 11.281708,
  "convexity_exponent": 1.3524,
  "floor": 20002,
  "intercept": 11.28170819732913,
  "coef": {
    "climbing": 0.13271154906719382,
    "time_trial": 0.26077406373715734,
    "sprint": 0.07679094647796016,
    "punch": -0.039908667669018454,
    "endurance": -0.09287070654251989,
    "cobblestone": 0.004790539877737371,
    "acceleration": -0.158480008023549,
    "recovery": 0.23382219990307082,
    "tactics": 0.3933383605256699,
    "positioning": 0.013525734570823284,
    "age": -0.16509933584592523,
    "age_sq": -0.24985110872156868,
    "potentiale": 0.2637591504964497,
    "popularity": 0.4518348275237884,
    "is_u25": -0.023596137425490875
  },
  "means": {
    "climbing": 83.06382978723404,
    "time_trial": 78.70212765957447,
    "sprint": 76.43262411347517,
    "punch": 89.19858156028369,
    "endurance": 90.26950354609929,
    "cobblestone": 73.50354609929079,
    "acceleration": 71.01418439716312,
    "recovery": 90.78014184397163,
    "tactics": 70.19148936170212,
    "positioning": 70.36879432624113,
    "age": 27.354609929078013,
    "age_sq": 775.9787234042553,
    "potentiale": 4.283687943262412,
    "popularity": 18.93617021276596,
    "is_u25": 0.3049645390070922
  },
  "stds": {
    "climbing": 12.316288451447319,
    "time_trial": 10.307846409445784,
    "sprint": 15.522714979927677,
    "punch": 7.916425027881667,
    "endurance": 7.738527937996382,
    "cobblestone": 11.191197220431702,
    "acceleration": 23.992902560360676,
    "recovery": 7.794426266951542,
    "tactics": 3.1418359668822022,
    "positioning": 2.854413895740201,
    "age": 5.263462646608395,
    "age_sq": 287.8600050823836,
    "potentiale": 0.7128629834105895,
    "popularity": 24.293773175856483,
    "is_u25": 0.4603924075778006
  },
  "feature_keys": [
    "climbing",
    "time_trial",
    "sprint",
    "punch",
    "endurance",
    "cobblestone",
    "acceleration",
    "recovery",
    "tactics",
    "positioning",
    "age",
    "age_sq",
    "potentiale",
    "popularity",
    "is_u25"
  ],
  "notes": "Ridge på kontesterede menneske-salg. SHADOW — styrer ikke økonomi før cutover (#1101 slice 2)."
}
