{
  "version": 1,
  "fitted_at": "2026-06-06",
  "n_train": 141,
  "target": "log(current_price)",
  "lambda": 10,
  "cv_r2": 0.4118,
  "train_r2": 0.62,
  "log_mean": 11.281708,
  "convexity_exponent": 1.3504,
  "intercept": 11.28170819732913,
  "coef": {
    "climbing": 0.13362509987756938,
    "time_trial": 0.2590363641159537,
    "sprint": 0.07557212103969464,
    "punch": -0.03562498122225964,
    "endurance": -0.09810213298993489,
    "cobble_classics": 0.00963169916960345,
    "acceleration": -0.16092250995196725,
    "recovery": 0.23645832344439444,
    "tactics": 0.39428797240286056,
    "positioning": 0.01318763395900602,
    "age": -0.17411613424289926,
    "age_sq": -0.25300053782707693,
    "potentiale": 0.2688119994979849,
    "popularity": 0.4511751666827366,
    "is_u25": -0.03308951531125278
  },
  "means": {
    "climbing": 83.06382978723404,
    "time_trial": 78.70212765957447,
    "sprint": 76.43262411347517,
    "punch": 89.19858156028369,
    "endurance": 90.26950354609929,
    "cobble_classics": 73.50354609929079,
    "acceleration": 71.01418439716312,
    "recovery": 90.78014184397163,
    "tactics": 70.19148936170212,
    "positioning": 70.36879432624113,
    "age": 27.838525055703613,
    "age_sq": 802.7734078535486,
    "potentiale": 4.283687943262412,
    "popularity": 18.93617021276596,
    "is_u25": 0.3049645390070922
  },
  "stds": {
    "climbing": 12.316288451447319,
    "time_trial": 10.307846409445784,
    "sprint": 15.522714979927677,
    "punch": 7.916425027881667,
    "endurance": 7.738527937996382,
    "cobble_classics": 11.191197220431702,
    "acceleration": 23.992902560360676,
    "recovery": 7.794426266951542,
    "tactics": 3.1418359668822022,
    "positioning": 2.854413895740201,
    "age": 5.271615556592761,
    "age_sq": 293.69598224895645,
    "potentiale": 0.7128629834105895,
    "popularity": 24.293773175856483,
    "is_u25": 0.4603924075778006
  },
  "feature_keys": [
    "climbing",
    "time_trial",
    "sprint",
    "punch",
    "endurance",
    "cobble_classics",
    "acceleration",
    "recovery",
    "tactics",
    "positioning",
    "age",
    "age_sq",
    "potentiale",
    "popularity",
    "is_u25"
  ],
  "notes": "Ridge på kontesterede menneske-salg. SHADOW — styrer ikke økonomi før cutover (#1101 slice 2)."
}
